{"cameraMode":{"drawMode":0,"name":"Shaded","section":"Shading Mode"},"sceneLighting":true,"audioPlay":false,"sceneViewState":{"m_AlwaysRefresh":false,"showFog":true,"showSkybox":true,"showFlares":true,"showImageEffects":true,"showParticleSystems":true,"showVisualEffectGraphs":true,"m_FxEnabled":true},"in2DMode":false,"pivot":{"x":14.860733985900879,"y":32.53681564331055,"z":-0.812206506729126},"rotation":{"x":0.16086506843566895,"y":0.0718766376376152,"z":-0.011798092164099217,"w":0.9843112826347351},"size":47.88962173461914,"orthographic":true}