{"cameraMode":{"drawMode":0,"name":"Shaded","section":"Shading Mode"},"sceneLighting":true,"audioPlay":false,"sceneViewState":{"m_AlwaysRefresh":false,"showFog":true,"showSkybox":true,"showFlares":true,"showImageEffects":true,"showParticleSystems":true,"showVisualEffectGraphs":true,"m_FxEnabled":true},"in2DMode":false,"pivot":{"x":13.192176818847657,"y":3.630952835083008,"z":-3.655677318572998},"rotation":{"x":0.06893612444400788,"y":0.016460133716464044,"z":-0.00113913684617728,"w":0.9974908232688904},"size":12.576441764831543,"orthographic":true}